-- kongo
-- Author: Cezas
-- DateCreated: 9/4/2021 7:35:33 PM
--------------------------------------------------------------
UPDATE Units SET Cost=80, Combat=35 WHERE UnitType='UNIT_KONGO_SHIELD_BEARER'; 
DELETE FROM ExcludedDistricts WHERE TraitType='TRAIT_LEADER_RELIGIOUS_CONVERT';
DELETE FROM TraitModifiers WHERE
	TraitType='TRAIT_CIVILIZATION_NKISI' AND ModifierId='TRAIT_DOUBLE_ARTIST_POINTS' OR 
	TraitType='TRAIT_CIVILIZATION_NKISI' AND ModifierId='TRAIT_DOUBLE_MUSICIAN_POINTS' 
;



INSERT INTO Modifiers (ModifierId, ModifierType, SubjectRequirementSetId) VALUES
	('SIXFIX_TRAIT_GRANT_RELIC_WHEN_BUILD_MARKET','MODIFIER_PLAYER_GRANT_RELIC', 'SIXFIX_KONGO_REQUIREMENTS'),
	('SIXFIX_GRANT_TRAIT_GRANT_RELIC_WHEN_BUILD_MARKET','MODIFIER_ALL_PLAYERS_ATTACH_MODIFIER', NULL)
	;

INSERT INTO Requirements (RequirementId, RequirementType) VALUES
	('SIXFIX_PLAYER_IS_KONGO','REQUIREMENT_PLAYER_TYPE_MATCHES');
INSERT INTO RequirementSetRequirements (RequirementSetId, RequirementId) VALUES
	('SIXFIX_KONGO_REQUIREMENTS', 'SIXFIX_PLAYER_IS_KONGO');
INSERT INTO RequirementArguments (RequirementId, Name, Value) VALUES
	('SIXFIX_PLAYER_IS_KONGO', 'CivilizationType','CIVILIZATION_KONGO');
INSERT INTO RequirementSets (RequirementSetId, RequirementSetType) VALUES
	('SIXFIX_KONGO_REQUIREMENTS', 'REQUIREMENTSET_TEST_ALL');


INSERT INTO ModifierArguments(ModifierId, Name, Value) VALUES
	('SIXFIX_TRAIT_GRANT_RELIC_WHEN_BUILD_MARKET','Amount',1),
	('SIXFIX_TRAIT_GRANT_RELIC_WHEN_BUILD_MARKET','RelicSource','RELIC_SOURCE_TRIBAL_VILLAGE'),
	('SIXFIX_GRANT_TRAIT_GRANT_RELIC_WHEN_BUILD_MARKET','ModifierId', 'SIXFIX_TRAIT_GRANT_RELIC_WHEN_BUILD_MARKET')
	;

INSERT INTO TraitModifiers (TraitType,ModifierId) VALUES
	('TRAIT_CIVILIZATION_NKISI','SIXFIX_TRAIT_GRANT_RELIC_WHEN_BUILD_MARKET')
	;

INSERT INTO BuildingModifiers (BuildingType, ModifierId) VALUES
	('BUILDING_MARKET','SIXFIX_TRAIT_GRANT_RELIC_WHEN_BUILD_MARKET')
	;


/*
INSERT INTO Modifiers (ModifierId, ModifierType, SubjectRequirementSetId) VALUES 
	('TRAIT_DISCOVER_ARTIFACTS_EARLY', )SET SubjectRequirementSetId='SIXFIX_PLAYER_HAS_HUMANISM_REQUIREMENTS' WHERE ModifierId='TRAIT_DISCOVER_ARTIFACTS_EARLY';
INSERT OR IGNORE INTO RequirementSets(RequirementSetId , RequirementSetType) VALUES
	('SIXFIX_PLAYER_HAS_HUMANISM_REQUIREMENTS' , 'REQUIREMENTSET_TEST_ALL');
INSERT OR IGNORE INTO RequirementSetRequirements(RequirementSetId , RequirementId) VALUES
	('SIXFIX_PLAYER_HAS_HUMANISM_REQUIREMENTS', 'SIXFIX_PLAYER_HAS_HUMANISM_REQUIREMENT');
INSERT OR IGNORE INTO Requirements(RequirementId , RequirementType) VALUES
	('SIXFIX_PLAYER_HAS_HUMANISM_REQUIREMENT' , 'REQUIREMENT_PLAYER_HAS_CIVIC');
INSERT OR IGNORE INTO RequirementArguments(RequirementId , Name, Value) VALUES
	('SIXFIX_PLAYER_HAS_HUMANISM_REQUIREMENT' , 'CivicType', 'CIVIC_HUMANISM');
*/

