-- policies
-- Author: Cezas
-- DateCreated: 9/9/2021 9:20:39 PM
--------------------------------------------------------------

--MILITARY--

--new production cards for siege and supports

--defining the modifiers here
INSERT INTO PolicyModifiers (PolicyType, ModifierId) VALUES
	('POLICY_SIXFIX_SIEGE_TRAINS','SIXFIX_SIEGE_TRAINS_ANCIENT_SUPPORT_PRODUCTION'),
	('POLICY_SIXFIX_SIEGE_TRAINS','SIXFIX_SIEGE_TRAINS_ANCIENT_SIEGE_PRODUCTION'),
	('POLICY_SIXFIX_SIEGE_TRAINS','SIXFIX_SIEGE_TRAINS_CLASSICAL_SUPPORT_PRODUCTION'),
	('POLICY_SIXFIX_SIEGE_TRAINS','SIXFIX_SIEGE_TRAINS_CLASSICAL_SIEGE_PRODUCTION')
	;

INSERT INTO Modifiers (ModifierId, ModifierType) VALUES 
	('SIXFIX_SIEGE_TRAINS_ANCIENT_SUPPORT_PRODUCTION','MODIFIER_PLAYER_CITIES_ADJUST_UNIT_TAG_ERA_PRODUCTION'),
	('SIXFIX_SIEGE_TRAINS_ANCIENT_SIEGE_PRODUCTION','MODIFIER_PLAYER_CITIES_ADJUST_UNIT_TAG_ERA_PRODUCTION'),
	('SIXFIX_SIEGE_TRAINS_CLASSICAL_SUPPORT_PRODUCTION','MODIFIER_PLAYER_CITIES_ADJUST_UNIT_TAG_ERA_PRODUCTION'),
	('SIXFIX_SIEGE_TRAINS_CLASSICAL_SIEGE_PRODUCTION','MODIFIER_PLAYER_CITIES_ADJUST_UNIT_TAG_ERA_PRODUCTION')
	;

INSERT INTO ModifierArguments (ModifierId, Name, Value) VALUES 
	('SIXFIX_SIEGE_TRAINS_ANCIENT_SUPPORT_PRODUCTION', 'UnitPromotionClass', 'PROMOTION_CLASS_SUPPORT'),
	('SIXFIX_SIEGE_TRAINS_ANCIENT_SUPPORT_PRODUCTION', 'EraType', 'ERA_ANCIENT'),
	('SIXFIX_SIEGE_TRAINS_ANCIENT_SUPPORT_PRODUCTION', 'Amount', '25'),
	('SIXFIX_SIEGE_TRAINS_ANCIENT_SIEGE_PRODUCTION', 'UnitPromotionClass', 'PROMOTION_CLASS_SIEGE'),
	('SIXFIX_SIEGE_TRAINS_ANCIENT_SIEGE_PRODUCTION', 'EraType', 'ERA_ANCIENT'),
	('SIXFIX_SIEGE_TRAINS_ANCIENT_SIEGE_PRODUCTION', 'Amount', '25'),
	('SIXFIX_SIEGE_TRAINS_CLASSICAL_SUPPORT_PRODUCTION', 'UnitPromotionClass', 'PROMOTION_CLASS_SUPPORT'),
	('SIXFIX_SIEGE_TRAINS_CLASSICAL_SUPPORT_PRODUCTION', 'EraType', 'ERA_CLASSICAL'),
	('SIXFIX_SIEGE_TRAINS_CLASSICAL_SUPPORT_PRODUCTION', 'Amount', '25'),
	('SIXFIX_SIEGE_TRAINS_CLASSICAL_SIEGE_PRODUCTION', 'UnitPromotionClass', 'PROMOTION_CLASS_SIEGE'),
	('SIXFIX_SIEGE_TRAINS_CLASSICAL_SIEGE_PRODUCTION', 'EraType', 'ERA_CLASSICAL'),
	('SIXFIX_SIEGE_TRAINS_CLASSICAL_SIEGE_PRODUCTION', 'Amount', '25')
	;


INSERT INTO Policies (PolicyType, Description, PrereqCivic, Name, GovernmentSlotType) VALUES
	('POLICY_SIXFIX_SIEGE_TRAINS','LOC_POLICY_SIXFIX_SIEGE_TRAINS_DESCRIPTION','CIVIC_MILITARY_TRAINING','LOC_POLICY_SIXFIX_SIEGE_TRAINS_NAME','SLOT_MILITARY')
	;

INSERT INTO Types (Type, Kind) VALUES 
	('POLICY_SIXFIX_SIEGE_TRAINS','KIND_POLICY');

--ECONOMIC--

--DIPLO--

--WILD--

--DARK--
