-- wonders
-- Author: Cezas
-- DateCreated: 9/4/2021 4:05:59 PM
--------------------------------------------------------------
--wonders are technically under the same table as buildings, but that's a little confusing so im making a seperate script for that

UPDATE Buildings SET PrereqCivic='CIVIC_MILITARY_TRADITION', Cost=180 WHERE BuildingType='BUILDING_STATUE_OF_ZEUS'; 

--huey teocali buff

--adjacency buff
INSERT INTO BuildingModifiers (BuildingType, ModifierId) VALUES 
	('BUILDING_HUEY_TEOCALLI','SIXFIX_HUEYTEOCALLI_COMMERCIALHUB_LAKE_ADJ'),
	('BUILDING_HUEY_TEOCALLI','SIXFIX_HUEYTEOCALLI_THEATER_LAKE_ADJ'),
	('BUILDING_HUEY_TEOCALLI','SIXFIX_HUEYTEOCALLI_HOLYSITE_LAKE_ADJ'),
	('BUILDING_HUEY_TEOCALLI','SIXFIX_HUEYTEOCALLI_CAMPUS_LAKE_ADJ'),
	--('BUILDING_HUEY_TEOCALLI','SIXFIX_HUEYTEOCALLI_HARBOR_LAKE_ADJ'),
	('BUILDING_HUEY_TEOCALLI','SIXFIX_HUEYTEOCALLI_INDUSTRIALZONE_LAKE_ADJ')
	;

INSERT OR IGNORE INTO Modifiers (ModifierId, ModifierType) VALUES 
	('SIXFIX_HUEYTEOCALLI_COMMERCIALHUB_LAKE_ADJ','MODIFIER_PLAYER_CITIES_TERRAIN_ADJACENCY'),
	('SIXFIX_HUEYTEOCALLI_THEATER_LAKE_ADJ','MODIFIER_PLAYER_CITIES_TERRAIN_ADJACENCY'),
	('SIXFIX_HUEYTEOCALLI_HOLYSITE_LAKE_ADJ','MODIFIER_PLAYER_CITIES_TERRAIN_ADJACENCY'),
	('SIXFIX_HUEYTEOCALLI_CAMPUS_LAKE_ADJ','MODIFIER_PLAYER_CITIES_TERRAIN_ADJACENCY'),
	--('SIXFIX_HUEYTEOCALLI_HARBOR_LAKE_ADJ','MODIFIER_PLAYER_CITIES_TERRAIN_ADJACENCY'),
	('SIXFIX_HUEYTEOCALLI_INDUSTRIALZONE_LAKE_ADJ','MODIFIER_PLAYER_CITIES_TERRAIN_ADJACENCY')
	;

--TODO: make a custom terraintype for lakes
INSERT OR IGNORE INTO ModifierArguments (ModifierId, Name, Value) VALUES
	('SIXFIX_HUEYTEOCALLI_COMMERCIALHUB_LAKE_ADJ', 'DistrictType', 'DISTRICT_COMMERCIAL_HUB'),
	('SIXFIX_HUEYTEOCALLI_COMMERCIALHUB_LAKE_ADJ', 'TerrainType', 'TERRAIN_COAST'),
	('SIXFIX_HUEYTEOCALLI_COMMERCIALHUB_LAKE_ADJ', 'YieldType', 'YIELD_GOLD'),
	('SIXFIX_HUEYTEOCALLI_COMMERCIALHUB_LAKE_ADJ', 'Amount', '1'),
	('SIXFIX_HUEYTEOCALLI_COMMERCIALHUB_LAKE_ADJ', 'Description', 'LOC_BUILDING_HUEYTEOCALLI_COMHUB_GOLD_ADJ'),

	('SIXFIX_HUEYTEOCALLI_THEATER_LAKE_ADJ', 'DistrictType', 'DISTRICT_THEATER'),
	('SIXFIX_HUEYTEOCALLI_THEATER_LAKE_ADJ', 'TerrainType', 'TERRAIN_COAST'),
	('SIXFIX_HUEYTEOCALLI_THEATER_LAKE_ADJ', 'YieldType', 'YIELD_CULTURE'),
	('SIXFIX_HUEYTEOCALLI_THEATER_LAKE_ADJ', 'Amount', '2'),
	('SIXFIX_HUEYTEOCALLI_THEATER_LAKE_ADJ', 'Description', 'LOC_BUILDING_HUEYTEOCALLI_CULTURE_ADJ'),

	('SIXFIX_HUEYTEOCALLI_HOLYSITE_LAKE_ADJ', 'DistrictType', 'DISTRICT_HOLY_SITE'),
	('SIXFIX_HUEYTEOCALLI_HOLYSITE_LAKE_ADJ', 'TerrainType', 'TERRAIN_COAST'),
	('SIXFIX_HUEYTEOCALLI_HOLYSITE_LAKE_ADJ', 'YieldType', 'YIELD_FAITH'),
	('SIXFIX_HUEYTEOCALLI_HOLYSITE_LAKE_ADJ', 'Amount', '2'),
	('SIXFIX_HUEYTEOCALLI_HOLYSITE_LAKE_ADJ', 'Description', 'LOC_BUILDING_HUEYTEOCALLI_FAITH_ADJ'),

	('SIXFIX_HUEYTEOCALLI_CAMPUS_LAKE_ADJ', 'DistrictType', 'DISTRICT_CAMPUS'),
	('SIXFIX_HUEYTEOCALLI_CAMPUS_LAKE_ADJ', 'TerrainType', 'TERRAIN_COAST'),
	('SIXFIX_HUEYTEOCALLI_CAMPUS_LAKE_ADJ', 'YieldType', 'YIELD_SCIENCE'),
	('SIXFIX_HUEYTEOCALLI_CAMPUS_LAKE_ADJ', 'Amount', '1'),
	('SIXFIX_HUEYTEOCALLI_CAMPUS_LAKE_ADJ', 'Description', 'LOC_BUILDING_HUEYTEOCALLI_SCIENCE_ADJ'),

	--('SIXFIX_HUEYTEOCALLI_HARBOR_LAKE_ADJ', 'DistrictType', 'DISTRICT_HARBOR'),
	--('SIXFIX_HUEYTEOCALLI_HARBOR_LAKE_ADJ', 'TerrainType', 'TERRAIN_COAST'),
	--('SIXFIX_HUEYTEOCALLI_HARBOR_LAKE_ADJ', 'YieldType', 'YIELD_GOLD'),
	--('SIXFIX_HUEYTEOCALLI_HARBOR_LAKE_ADJ', 'Amount', '2'),
	--('SIXFIX_HUEYTEOCALLI_HARBOR_LAKE_ADJ', 'Description', 'LOC_BUILDING_HUEYTEOCALLI_HARBOR_GOLD_ADJ'),

	('SIXFIX_HUEYTEOCALLI_INDUSTRIALZONE_LAKE_ADJ', 'DistrictType', 'DISTRICT_INDUSTRIAL_ZONE'),
	('SIXFIX_HUEYTEOCALLI_INDUSTRIALZONE_LAKE_ADJ', 'TerrainType', 'TERRAIN_COAST'),
	('SIXFIX_HUEYTEOCALLI_INDUSTRIALZONE_LAKE_ADJ', 'YieldType', 'YIELD_PRODUCTION'),
	('SIXFIX_HUEYTEOCALLI_INDUSTRIALZONE_LAKE_ADJ', 'Amount', '1'),
	('SIXFIX_HUEYTEOCALLI_INDUSTRIALZONE_LAKE_ADJ', 'Description', 'LOC_BUILDING_HUEYTEOCALLI_PRODUCTION_ADJ')

	;
--end adj buff

INSERT OR IGNORE INTO Modifiers (ModifierId, ModifierType, SubjectRequirementSetId) VALUES 
	('SIXFIX_HUEYTEOCALLI_CULTURE', 'MODIFIER_ALL_CITIES_ATTACH_MODIFIER', 'FOODHUEY_PLAYER_REQUIREMENTS'),
	('SIXFIX_HUEYTEOCALLI_FAITH', 'MODIFIER_ALL_CITIES_ATTACH_MODIFIER', 'FOODHUEY_PLAYER_REQUIREMENTS'),
	('SIXFIX_HUEYTEOCALLI_CULTURE_MODIFIER', 'MODIFIER_CITY_PLOT_YIELDS_ADJUST_PLOT_YIELD', 'FOODHUEY_PLOT_IS_LAKE_REQUIREMENTS'),
	('SIXFIX_HUEYTEOCALLI_FAITH_MODIFIER', 'MODIFIER_CITY_PLOT_YIELDS_ADJUST_PLOT_YIELD', 'FOODHUEY_PLOT_IS_LAKE_REQUIREMENTS')
	;
UPDATE ModifierArguments SET Value=2 WHERE ModifierId='HUEY_LAKE_FOOD_MODIFIER' AND Name='Amount';
UPDATE ModifierArguments SET Value=2 WHERE ModifierId='HUEY_LAKE_PRODUCTION_MODIFIER' AND Name='Amount';
INSERT OR IGNORE INTO ModifierArguments (ModifierId, Name, Value) VALUES 
	('SIXFIX_HUEYTEOCALLI_CULTURE', 'ModifierId', 'SIXFIX_HUEYTEOCALLI_CULTURE_MODIFIER'),
	('SIXFIX_HUEYTEOCALLI_FAITH', 'ModifierId', 'SIXFIX_HUEYTEOCALLI_FAITH_MODIFIER'),
	('SIXFIX_HUEYTEOCALLI_CULTURE_MODIFIER', 'YieldType', 'YIELD_CULTURE'),
	('SIXFIX_HUEYTEOCALLI_CULTURE_MODIFIER', 'Amount', '1'),
	('SIXFIX_HUEYTEOCALLI_FAITH_MODIFIER', 'YieldType', 'YIELD_FAITH'),
	('SIXFIX_HUEYTEOCALLI_FAITH_MODIFIER', 'Amount', '1')
	;
INSERT OR IGNORE INTO BuildingModifiers (BuildingType, ModifierId) VALUES 
	('BUILDING_HUEY_TEOCALLI','SIXFIX_HUEYTEOCALLI_CULTURE'),
	('BUILDING_HUEY_TEOCALLI','SIXFIX_HUEYTEOCALLI_FAITH')
	;